Term,ES,NES,NOM p-val,FDR q-val,Lead_genes
Cholesterol_biosynthesis,0.7407014701828698,2.0333110668884045,0.0,0.0,HMGCS1;MSMO1;SQLE;FDFT1;DHCR24;NSDHL;MVD;DHCR7;SCD;LSS
Cell_adhesion_ECM,0.6637143364481595,1.7839925928294968,0.0,0.0007518796992481203,EPHA2;EGFR;TJP1;ITGB1;MET;ITGA3;PKP2
Oxidative Phosphorylation [MSigDB],0.523371469655554,2.1156675092786332,0.0,0.0,PMPCA;IDH3A;MDH2;FH;LRPPRC;TIMM10;HSPA9;SLC25A5;VDAC1;TOMM22;VDAC2;DLAT;SLC25A3;RHOT2;GOT2;TIMM13;ETFA;MRPL15;TIMM9;MRPS30;SLC25A12;TIMM8B;ETFB;SLC25A6;VDAC3;ACAT1;COX4I1;ATP5F1D;GRPEL1;IDH3G;GLUD1;MRPL35;ATP5F1A;IMMT;POR;IDH3B;SUCLG1;COX5A;ATP6AP1;TIMM50;ACADVL;ACAA2;ATP5F1B;POLR2F;OPA1;NDUFB6;PRDX3;DLST;ATP5PO;IDH2;ATP5ME;CS;ATP6V1F;NNT;HSD17B10;ATP5PF;UQCRB;OXA1L;UQCRC2;DLD;ECHS1;COX7A2L;SUCLA2;ATP5PD;PDHB;HCCS;PDHA1;AIFM1;PDHX;OAT;ATP5MF;AFG3L2;ATP6V1G1;COX5B;MTX2;OGDH;ATP5F1C;ECI1;UQCRC1;HADHA;MRPL11;ACAA1;PHB2;ECH1;COX6B1;ATP5PB;RETSAT;NDUFB5;HTRA2;BCKDHA;TOMM70;COX6C;HADHB;CPT1A;MRPS15;MRPS22;ACADM;SUPV3L1
Myc Targets V2 [MSigDB],0.5747743162608387,1.9849892655200596,0.0,0.0008777239709443099,HSPE1;TFB2M;HSPD1;NOP16;GNL3;PPAN;PRMT3;MPHOSPH10;TBRG4;WDR43;UTP20;DDX18;MRTO4;RRP12;NPM1;NOP2;NOC4L;PES1;GRWD1;BYSL;WDR74;RRP9;PLK1;SRM;NIP7;NOP56;RCL1;NDUFAF4;LAS1L;SUPV3L1;CBX3
Estrogen Response Early [MSigDB],0.5524985887097372,1.8952758706783839,0.0,0.0008777239709443098,SLC2A1;KRT13;PPIF;SLC7A5;MYOF;FLNB;KRT18;FDFT1;KRT8;SLC27A2;ZNF185;FHL2;DHCR7;TPBG;SFN;RRP12;CD44;KRT19
Hypoxia [MSigDB],-0.4687012011505747,-1.888420544772196,0.0,0.028093645484949834,GLRX;PGM1;NDRG1;GBE1;GAA;ALDOC;ISG20;PGK1;TPD52;PFKL;UGP2;GPI;GAPDH;GALK1;LDHA;GYS1;TPI1;ALDOA;ENO1;NAGK;PGM2;LXN;PFKFB3;GRHPR
Interferon Alpha Response [MSigDB],-0.5089641588178608,-1.8371521919172937,0.0,0.01939799331103679,GBP2;SAMD9;LGALS3BP;ISG20;STAT2;TRIM21;PSMB9;PSMB8;IFI35;PSME1;CMTR1;ADAR;NMI;OGFR
Unfolded Protein Response [MSigDB],0.4812661199898891,1.756605701957466,0.0,0.010532687651331718,SLC7A5;MTHFD2;CALR;DNAJC3;HSPA5;HSPA9;SRPRB;HSP90B1;PDIA6;PREB;HYOU1;ALDH18A1;ATP6V0D1;CKS1B;SEC11A;NPM1;BANF1;SRPRA;GOSR2;PDIA5;SPCS3;DDX10;IMP3;NHP2;RRP9;SPCS1;EXOSC2;NOP14;SSR1;EXOSC1;NOP56
Reactive Oxygen Species Pathway [MSigDB],-0.4851143971785684,-1.7417325027303825,0.014084507042253521,0.026309921962095875,NQO1;GLRX;G6PD;TXNRD1;GSR;GCLC;PTPA;GCLM;CAT;SOD1;LAMTOR5;OXSR1
Estrogen Response Late [MSigDB],0.49916965207240266,1.7349080159542525,0.0013869625520110957,0.011761501210653752,KRT13;PPIF;LAMC2;SLC7A5;CD9;MYOF;FLNB;FDFT1;ST14;SLC27A2;TOP2A;ETFB;DHCR7;TPBG;SFN;LSR;CD44;KRT19;IDH2;DCXR;LLGL2
Interferon Gamma Response [MSigDB],-0.4091873677735757,-1.7019280362296263,0.0,0.024749163879598662,MVP;STAT3;LGALS3BP;ISG20;STAT2;CASP7;TRIM21;RNF213;STAT1;PSMB9;PSMB8;IFI35;OAS3;PSME1;CMTR1;PSMB10;ADAR;NMI;OGFR
Apical Junction [MSigDB],0.46769703122219913,1.6954615793661174,0.0,0.015213882163034705,LAMA3;BAIAP2;EGFR;LAMC2;RHOF;LAMB3;ITGB4;ITGA2;NECTIN2;TJP1;ITGB1;NF2;MVD;ITGA3;ADAM9;ZYX;DLG1;ACTG1;MPZL1;HADH
Glycolysis [MSigDB],-0.370791915063051,-1.65490416230501,0.0,0.029431438127090304,GLRX;MPI;G6PD;DSC2;PYGB;AGL;ISG20;TALDO1;PGK1;CYB5A;UGP2;MDH1;GCLC;AKR1A1;ME1;NOL3;GALK1;LDHA;PYGL;GYS1;TPI1;PKM;ALDOA;ENO1;PGAM1;PGM2;RPE;GMPPA;SOD1
p53 Pathway [MSigDB],0.4609453488289896,1.6085754670607462,0.008241758241758242,0.03498356969906607,EPHA2;KRT17;BAIAP2;S100A10;APP;ITGB4;SLC3A2;ST14;PLXNB2;EPS8L2;DNTTIP2;EPHX1;SFN;CDKN2A;RAP2B;SEC61A1;DCXR
Epithelial Mesenchymal Transition [MSigDB],0.4920456154788486,1.6055345348032166,0.012658227848101266,0.03181749394673124,LAMA3;LAMC2;ITGA2;PVR;ITGB1;CALU;RHOB;FLNA;TPM1;COLGALT1;PLOD3;CD44;P3H1
Cholesterol Homeostasis [MSigDB],0.4892810610989477,1.5907519375773629,0.008902077151335312,0.03198816249663707,LDLR;HMGCS1;CD9;SQLE;FDFT1;NSDHL;ACSS2;MVD;DHCR7;SCD;LSS;ETHE1;ACTG1;EBP;FASN;ECH1;PLSCR1;MAL2;ACAT2;LGALS3
mTORC1 Signaling [MSigDB],0.38677184504852963,1.557328584720758,0.0024096385542168677,0.03967312348668281,TFRC;SLC2A1;LDLR;HSPE1;SLC7A5;HMGCS1;CD9;MTHFD2;SLC1A5;HSPD1;SQLE;CALR;RPN1;DHCR24;CORO1A;ATP2A2;HSPA5;HSPA9;FKBP2;TOMM40;HSP90B1;ACSL3;CANX;RDH11;SDF2L1;SHMT2
Mitochondrial Translation R-HSA-5368287 [Reactome],0.7016416483126696,2.5513011553562355,0.0,0.0,ERAL1;MRPL39;GFM1;MRPL55;MRPL3;MRPL14;MRPS7;GADD45GIP1;MRPL49;MRPL20;MRRF;MRPL48;MRPL24;MRPS27;MRPL9;MRPL45;MRPS23;MRPS18A;MRPL43;MRPL12;MRPL15;MRPL53;TUFM;MRPS30;MRPL21;MRPL30;MRPL18;MRPL46;MRPL35;MRPL57;MRPL47;MRPL40;PTCD3;MTIF2;TSFM;MRPL38;MRPL17;MRPL41;MRPL32;MRPL13;MRPL19;MRPS26;OXA1L;MRPS35;MRPL4;MRPS9;MRPL16;MRPL44;MRPL50;MRPS31;MRPS18C;MRPL51;MRPL23;MRPL1;MRPL11;MRPS18B;MRPL37;MRPL58;MRPS34;MRPS17;MRPS15;MRPS22;MRPS5;MRPS16;MRPS2
Mitochondrial Translation Elongation R-HSA-5389840 [Reactome],0.7010295410919133,2.536326447825235,0.0,0.0,ERAL1;MRPL39;GFM1;MRPL55;MRPL3;MRPL14;MRPS7;GADD45GIP1;MRPL49;MRPL20;MRPL48;MRPL24;MRPS27;MRPL9;MRPL45;MRPS23;MRPS18A;MRPL43;MRPL12;MRPL15;MRPL53;TUFM;MRPS30;MRPL21;MRPL30;MRPL18;MRPL46;MRPL35;MRPL57;MRPL47;MRPL40;PTCD3;TSFM;MRPL38;MRPL17;MRPL41;MRPL32;MRPL13;MRPL19;MRPS26;OXA1L;MRPS35;MRPL4;MRPS9;MRPL16;MRPL44;MRPL50;MRPS31;MRPS18C;MRPL51;MRPL23;MRPL1;MRPL11;MRPS18B;MRPL37;MRPL58;MRPS34;MRPS17;MRPS15;MRPS22;MRPS5;MRPS16;MRPS2
Mitochondrial Translation Termination R-HSA-5419276 [Reactome],0.7004035658765454,2.5173978369581085,0.0,0.0,ERAL1;MRPL39;MRPL55;MRPL3;MRPL14;MRPS7;GADD45GIP1;MRPL49;MRPL20;MRRF;MRPL48;MRPL24;MRPS27;MRPL9;MRPL45;MRPS23;MRPS18A;MRPL43;MRPL12;MRPL15;MRPL53;MRPS30;MRPL21;MRPL30;MRPL18;MRPL46;MRPL35;MRPL57;MRPL47;MRPL40;PTCD3;MRPL38;MRPL17;MRPL41;MRPL32;MRPL13;MRPL19;MRPS26;OXA1L;MRPS35;MRPL4;MRPS9;MRPL16;MRPL44;MRPL50;MRPS31;MRPS18C;MRPL51;MRPL23;MRPL1;MRPL11;MRPS18B;MRPL37;MRPL58;MRPS34;MRPS17;MRPS15;MRPS22;MRPS5;MRPS16;MRPS2
Mitochondrial Translation Initiation R-HSA-5368286 [Reactome],0.7003568399416924,2.51575844808033,0.0,0.0,ERAL1;MRPL39;MRPL55;MRPL3;MRPL14;MRPS7;GADD45GIP1;MRPL49;MRPL20;MRPL48;MRPL24;MRPS27;MRPL9;MRPL45;MRPS23;MRPS18A;MRPL43;MRPL12;MRPL15;MRPL53;MRPS30;MRPL21;MRPL30;MRPL18;MRPL46;MRPL35;MRPL57;MRPL47;MRPL40;PTCD3;MTIF2;MRPL38;MRPL17;MRPL41;MRPL32;MRPL13;MRPL19;MRPS26;OXA1L;MRPS35;MRPL4;MRPS9;MRPL16;MRPL44;MRPL50;MRPS31;MRPS18C;MRPL51;MRPL23;MRPL1;MRPL11;MRPS18B;MRPL37;MRPL58;MRPS34;MRPS17;MRPS15;MRPS22;MRPS5;MRPS16;MRPS2
KEAP1-NFE2L2 Pathway R-HSA-9755511 [Reactome],-0.5731641390986427,-2.4260917892093925,0.0,0.0,NQO1;TXNRD1;AKT2;TALDO1;AKT1;GSR;PHGDH;TRIM21;TKT;PSMB9;GCLC;PSMB8;VCP;GCLM;PSMD5;PSME1;PSMD10;PSMD8;PSMB10;PSMB1;PSMD3;PSMF1;PSMB4;PRDX1;PSMD12;PSMD11;PSMA4;PSMD6;UFD1;UBXN7;EP300;PSMB6;NPLOC4;PSMA2;PSMA1;SKP1;PSMB3;PSMD4;PSMA3;PSMD9;PSME2;PSMA7;PSMC4;PSMC6;PSMB2;PSMD7;CUL1
Mitochondrial Protein Import R-HSA-1268020 [Reactome],0.7210067806428345,2.367339161298229,0.0,0.0,HSPD1;CHCHD2;PMPCA;TIMM8A;TIMM10;PMPCB;COA6;CMC2;HSPA9;TIMM23;VDAC1;TOMM22;TOMM40;TIMM13;TIMM9;SLC25A12;TIMM8B;SLC25A6;TIMM44;GRPEL1;IDH3G;ATP5F1A;TOMM6;PITRM1;TIMM50;CHCHD3;ATP5F1B;TIMM21;CS;BCS1L;TIMM10B;MTX2;SLC25A13;SAMM50;PAM16;DNAJC19
Regulation Of Ornithine Decarboxylase (ODC) R-HSA-350562 [Reactome],-0.6145529242807704,-2.346984305901126,0.0,0.000832872633720321,NQO1;PSMB9;PSMB8;PSMD5;PSME1;PSMD10;PSMD8;PSMB10;PSMB1;PSMD3;PSMF1;PSMB4;PSMD12;PSMD11;PSMA4;PSMD6;PSMB6;PSMA2;PSMA1;PSMB3;PSMD4;PSMA3;PSMD9;PSME2;PSMA7;PSMC4;PSMC6;PSMB2;PSMD7
Regulation Of PTEN Stability And Activity R-HSA-8948751 [Reactome],-0.5828457053648957,-2.3068038526713437,0.0,0.001665745267440642,AKT2;AKT1;PSMB9;PSMB8;PSMD5;PSME1;PSMD10;PSMD8;PSMB10;PSMB1;PSMD3;PSMF1;PSMB4;STUB1;PSMD12;PSMD11;PSMA4;PSMD6;PSMB6;PSMA2;PSMA1;PSMB3;PSMD4;PSMA3;PSMD9;PSME2;PSMA7;PSMC4;PSMC6;PSMB2;PSMD7
MAPK6/MAPK4 Signaling R-HSA-5687128 [Reactome],-0.565718392133936,-2.3005768746362856,0.0,0.0012493089505804815,HSPB1;PSMB9;PSMB8;ARHGEF7;PSMD5;PSME1;PSMD10;PSMD8;PSMB10;PSMB1;PSMD3;PSMF1;PSMB4;XPO1;PSMD12;PSMD11;PSMA4;PSMD6;SEPTIN7;PSMB6;PRKCA;PSMA2;PSMA1;PSMB3;DNAJB1;PSMD4;AGO2;PSMA3;PSMD9;PSME2;PSMA7;PSMC4;CDC42;PSMC6;PSMB2;PSMD7
Cross-presentation Of Soluble Exogenous Antigens (Endosomes) R-HSA-1236978 [Reactome],-0.6004565901198797,-2.2839544830388787,0.0,0.0009994471604643851,PSMB9;PSMB8;PSMD5;PSME1;PSMD10;PSMD8;PSMB10;PSMB1;PSMD3;PSMF1;PSMB4;PSMD12;PSMD11;PSMA4;PSMD6;PSMB6;PSMA2;PSMA1;PSMB3;PSMD4;PSMA3;PSMD9;PSME2;PSMA7;PSMC4;PSMC6;PSMB2;PSMD7
Degradation Of Beta-Catenin By Destruction Complex R-HSA-195253 [Reactome],-0.5598949815451032,-2.2808762494143977,0.0,0.0011104968449604281,PPP2R5D;PPP2R5A;PSMB9;PSMB8;CSNK1A1;PSMD5;PSME1;PSMD10;PSMD8;PSMB10;PSMB1;PSMD3;PSMF1;PSMB4;PPP2R5E;PSMD12;PSMD11;PSMA4;PSMD6;PPP2CA;PSMB6;PSMA2;PSMA1;SKP1;PSMB3;PSMD4;PSMA3;PSMD9;HDAC1;PSME2;PSMA7;PSMC4;PSMC6;PSMB2;PSMD7;CUL1;PPP2R5C
TCR Signaling R-HSA-202403 [Reactome],-0.570731048219961,-2.2797048375976683,0.0,0.0009518544385375098,PSMB9;PSMB8;ARHGEF7;PSMD5;PSME1;PSMD10;PSMD8;PSMB10;RELA;PSMB1;PSMD3;NCK1;PSMF1;PSMB4;CSK;PSMD12;PSMD11;PSMA4;PSMD6;PSMB6;PSMA2;UBE2V1;PSMA1;SKP1;PSMB3;ENAH;PSMD4;PSMA3;PSMD9;PSME2;PSMA7;PSMC4;PSMC6;PSMB2;PSMD7;CUL1
Activation Of NF-kappaB In B Cells R-HSA-1169091 [Reactome],-0.584572506061798,-2.276620458958217,0.0,0.000832872633720321,PSMB9;PSMB8;PSMD5;PSME1;PSMD10;PSMD8;PSMB10;RELA;PSMB1;PSMD3;PSMF1;PSMB4;NFKBIB;PSMD12;PSMD11;PSMA4;PSMD6;PSMB6;PSMA2;PSMA1;SKP1;PSMB3;PSMD4;PSMA3;PSMD9;PSME2;PSMA7;PSMC4;PSMC6;PSMB2;PSMD7;CUL1
Nuclear Events Mediated By NFE2L2 R-HSA-9759194 [Reactome],-0.5611410425153668,-2.26680355663054,0.0,0.0007403312299736187,NQO1;TXNRD1;TALDO1;GSR;PHGDH;TKT;PSMB9;GCLC;PSMB8;GCLM;PSMD5;PSME1;PSMD10;PSMD8;PSMB10;PSMB1;PSMD3;PSMF1;PSMB4;PRDX1;PSMD12;PSMD11;PSMA4;PSMD6;EP300;PSMB6;PSMA2;PSMA1;SKP1;PSMB3;PSMD4;PSMA3;PSMD9;PSME2;PSMA7;PSMC4;PSMC6;PSMB2;PSMD7;CUL1
FCERI Mediated NF-kB Activation R-HSA-2871837 [Reactome],-0.5816416290981549,-2.2585161516671226,0.0,0.000832872633720321,PSMB9;PSMB8;PSMD5;PSME1;PSMD10;PSMD8;PSMB10;RELA;PSMB1;PSMD3;PSMF1;PSMB4;PSMD12;PSMD11;PSMA4;PSMD6;PSMB6;PSMA2;UBE2V1;PSMA1;SKP1;PSMB3;PSMD4;PSMA3;PSMD9;PSME2;PSMA7;PSMC4;PSMC6;PSMB2;PSMD7;CUL1
